NroItem;CodTransaccion;NroSerial;CodCampus;NroFormulario;Nombre;Ubicación;Proveedor;EmpresaResponsable;Estado;codebar
51;327;400SN39173;000000;966217823;CPU - Bodg50-9051-900-0017 GMR ESC   ;Salón Sputnik;Compumax Computer ;Campuslands;0;*000000*
52;327;COM2024CM21070723;000000;966217823;Monitor - Bodg50-9051-900-0017 GMR ESC   ;Salón Sputnik;Compumax Computer ;Campuslands;0;*000000*
53;327;KBM130091706;000000;966217823;Teclado - Bodg50-9051-900-0017 GMR ESC   ;Salón Sputnik;Compumax Computer ;Campuslands;0;*000000*
54;327;Sin serial ;000000;966217823;Mouse - Bodg50-9051-900-0017 GMR ESC   ;Salón Sputnik;Compumax Computer ;Campuslands;0;*000000*
55;327;400SN39208;000000;966217823;CPU - Bodg50-9051-900-0017 GMR ESC   ;Salón Sputnik;Compumax Computer ;Campuslands;0;*000000*
56;327;COM2024CM21070880;000000;966217823;Monitor - Bodg50-9051-900-0017 GMR ESC   ;Salón Sputnik;Compumax Computer ;Campuslands;0;*000000*
57;327;KBM130090718;000000;966217823;Teclado - Bodg50-9051-900-0017 GMR ESC   ;Salón Sputnik;Compumax Computer ;Campuslands;0;*000000*
58;327;Sin serial ;000000;966217823;Mouse - Bodg50-9051-900-0017 GMR ESC   ;Salón Sputnik;Compumax Computer ;Campuslands;0;*000000*
59;327;400SN39182;000000;966217823;CPU - Bodg50-9051-900-0017 GMR ESC   ;Salón Sputnik;Compumax Computer ;Campuslands;0;*000000*
60;327;COM2024CM21070018;000000;966217823;Monitor - Bodg50-9051-900-0017 GMR ESC   ;Salón Sputnik;Compumax Computer ;Campuslands;0;*000000*
61;327;KBM130090717;000000;966217823;Teclado - Bodg50-9051-900-0017 GMR ESC   ;Salón Sputnik;Compumax Computer ;Campuslands;0;*000000*
62;327;Sin serial ;000000;966217823;Mouse - Bodg50-9051-900-0017 GMR ESC   ;Salón Sputnik;Compumax Computer ;Campuslands;0;*000000*
63;327;400SN39190;000000;966217823;CPU - Bodg50-9051-900-0017 GMR ESC   ;Salón Sputnik;Compumax Computer ;Campuslands;0;*000000*
64;327;COM2024CM21070876;000000;966217823;Monitor - Bodg50-9051-900-0017 GMR ESC   ;Salón Sputnik;Compumax Computer ;Campuslands;0;*000000*
65;327;KBM130090719;000000;966217823;Teclado - Bodg50-9051-900-0017 GMR ESC   ;Salón Sputnik;Compumax Computer ;Campuslands;0;*000000*
66;327;Sin serial ;000000;966217823;Mouse - Bodg50-9051-900-0017 GMR ESC   ;Salón Sputnik;Compumax Computer ;Campuslands;0;*000000*
67;327;400SN39186;000000;966217823;CPU - Bodg50-9051-900-0017 GMR ESC   ;Salón Sputnik;Compumax Computer ;Campuslands;0;*000000*
68;327;COM2024CM21070838;000000;966217823;Monitor - Bodg50-9051-900-0017 GMR ESC   ;Salón Sputnik;Compumax Computer ;Campuslands;0;*000000*
69;327;KBM130091718;000000;966217823;Teclado - Bodg50-9051-900-0017 GMR ESC   ;Salón Sputnik;Compumax Computer ;Campuslands;0;*000000*
70;327;Sin serial ;000000;966217823;Mouse - Bodg50-9051-900-0017 GMR ESC   ;Salón Sputnik;Compumax Computer ;Campuslands;0;*000000*
71;327;400SN39198;000000;966217823;CPU - Bodg50-9051-900-0017 GMR ESC   ;Salón Sputnik;Compumax Computer ;Campuslands;0;*000000*
72;327;COM2024CM21070638;000000;966217823;Monitor - Bodg50-9051-900-0017 GMR ESC   ;Salón Sputnik;Compumax Computer ;Campuslands;0;*000000*
73;327;KBM130091719;000000;966217823;Teclado - Bodg50-9051-900-0017 GMR ESC   ;Salón Sputnik;Compumax Computer ;Campuslands;0;*000000*
74;327;Sin serial ;000000;966217823;Mouse - Bodg50-9051-900-0017 GMR ESC   ;Salón Sputnik;Compumax Computer ;Campuslands;0;*000000*
75;327;102SN55107;000000;966217823;CPU - Bodg50-9051-900-0017 GMR ESC   ;Salón Sputnik;Compumax Computer ;Campuslands;0;*000000*
76;327;COM2024CM21070037;000000;966217823;Monitor - Bodg50-9051-900-0017 GMR ESC   ;Salón Sputnik;Compumax Computer ;Campuslands;0;*000000*
77;327;KBM130091731;000000;966217823;Teclado - Bodg50-9051-900-0017 GMR ESC   ;Salón Sputnik;Compumax Computer ;Campuslands;0;*000000*
78;327;Sin serial ;000000;966217823;Mouse - Bodg50-9051-900-0017 GMR ESC   ;Salón Sputnik;Compumax Computer ;Campuslands;0;*000000*
79;327;102SN55106;000000;966217823;CPU - Bodg50-9051-900-0017 GMR ESC   ;Salón Sputnik;Compumax Computer ;Campuslands;0;*000000*
80;327;COM2024CM21070115;000000;966217823;Monitor - Bodg50-9051-900-0017 GMR ESC   ;Salón Sputnik;Compumax Computer ;Campuslands;0;*000000*
81;327;KBM130091732;000000;966217823;Teclado - Bodg50-9051-900-0017 GMR ESC   ;Salón Sputnik;Compumax Computer ;Campuslands;0;*000000*
82;327;Sin serial ;000000;966217823;Mouse - Bodg50-9051-900-0017 GMR ESC   ;Salón Sputnik;Compumax Computer ;Campuslands;0;*000000*
83;327;400SN39204;000000;966217823;CPU - Bodg50-9051-900-0017 GMR ESC   ;Salón Sputnik;Compumax Computer ;Campuslands;0;*000000*
84;327;COM2024CM21070874;000000;966217823;Monitor - Bodg50-9051-900-0017 GMR ESC   ;Salón Sputnik;Compumax Computer ;Campuslands;0;*000000*
85;327;KBM130090731;000000;966217823;Teclado - Bodg50-9051-900-0017 GMR ESC   ;Salón Sputnik;Compumax Computer ;Campuslands;0;*000000*
86;327;Sin serial ;000000;966217823;Mouse - Bodg50-9051-900-0017 GMR ESC   ;Salón Sputnik;Compumax Computer ;Campuslands;0;*000000*
87;327;400SN39214;000000;966217823;CPU - Bodg50-9051-900-0017 GMR ESC   ;Salón Sputnik;Compumax Computer ;Campuslands;0;*000000*
88;327;COM2024CM21070105;000000;966217823;Monitor - Bodg50-9051-900-0017 GMR ESC   ;Salón Sputnik;Compumax Computer ;Campuslands;0;*000000*
89;327;KBM130090732;000000;966217823;Teclado - Bodg50-9051-900-0017 GMR ESC   ;Salón Sputnik;Compumax Computer ;Campuslands;0;*000000*
90;327;Sin serial ;000000;966217823;Mouse - Bodg50-9051-900-0017 GMR ESC   ;Salón Sputnik;Compumax Computer ;Campuslands;0;*000000*
91;327;400SN39189;000000;966217823;CPU - Bodg50-9051-900-0017 GMR ESC   ;Salón Sputnik;Compumax Computer ;Campuslands;0;*000000*
92;327;COM2024CM21070010;000000;966217823;Monitor - Bodg50-9051-900-0017 GMR ESC   ;Salón Sputnik;Compumax Computer ;Campuslands;0;*000000*
93;327;KBM130091733;000000;966217823;Teclado - Bodg50-9051-900-0017 GMR ESC   ;Salón Sputnik;Compumax Computer ;Campuslands;0;*000000*
94;327;Sin serial ;000000;966217823;Mouse - Bodg50-9051-900-0017 GMR ESC   ;Salón Sputnik;Compumax Computer ;Campuslands;0;*000000*
95;327;400SN39223;000000;966217823;CPU - Bodg50-9051-900-0017 GMR ESC   ;Salón Sputnik;Compumax Computer ;Campuslands;0;*000000*
96;327;COM2024CM21070109;000000;966217823;Monitor - Bodg50-9051-900-0017 GMR ESC   ;Salón Sputnik;Compumax Computer ;Campuslands;0;*000000*
97;327;KBM130090703;000000;966217823;Teclado - Bodg50-9051-900-0017 GMR ESC   ;Salón Sputnik;Compumax Computer ;Campuslands;0;*000000*
98;327;Sin serial ;000000;966217823;Mouse - Bodg50-9051-900-0017 GMR ESC   ;Salón Sputnik;Compumax Computer ;Campuslands;0;*000000*
99;327;400SN39229;000000;966217823;CPU - Bodg50-9051-900-0017 GMR ESC   ;Salón Sputnik;Compumax Computer ;Campuslands;0;*000000*
100;327;COM2024CM21070502;000000;966217823;Monitor - Bodg50-9051-900-0017 GMR ESC   ;Salón Sputnik;Compumax Computer ;Campuslands;0;*000000*
101;327;KBM130090708;000000;966217823;Teclado - Bodg50-9051-900-0017 GMR ESC   ;Salón Sputnik;Compumax Computer ;Campuslands;0;*000000*
102;327;Sin serial ;000000;966217823;Mouse - Bodg50-9051-900-0017 GMR ESC   ;Salón Sputnik;Compumax Computer ;Campuslands;0;*000000*
103;327;400SN39178;000000;966217823;CPU - Bodg50-9051-900-0017 GMR ESC   ;Salón Sputnik;Compumax Computer ;Campuslands;0;*000000*
104;327;COM2024CM21070136;000000;966217823;Monitor - Bodg50-9051-900-0017 GMR ESC   ;Salón Sputnik;Compumax Computer ;Campuslands;0;*000000*
105;327;KBM130091708;000000;966217823;Teclado - Bodg50-9051-900-0017 GMR ESC   ;Salón Sputnik;Compumax Computer ;Campuslands;0;*000000*
106;327;Sin serial ;000000;966217823;Mouse - Bodg50-9051-900-0017 GMR ESC   ;Salón Sputnik;Compumax Computer ;Campuslands;0;*000000*
107;327;400SN39196;000000;966217823;CPU - Bodg50-9051-900-0017 GMR ESC   ;Salón Sputnik;Compumax Computer ;Campuslands;0;*000000*
108;327;COM2024CM21070001;000000;966217823;Monitor - Bodg50-9051-900-0017 GMR ESC   ;Salón Sputnik;Compumax Computer ;Campuslands;0;*000000*
109;327;KBM130091707;000000;966217823;Teclado - Bodg50-9051-900-0017 GMR ESC   ;Salón Sputnik;Compumax Computer ;Campuslands;0;*000000*
110;327;Sin serial ;000000;966217823;Mouse - Bodg50-9051-900-0017 GMR ESC   ;Salón Sputnik;Compumax Computer ;Campuslands;0;*000000*
111;327;102SN55081;000000;966217823;CPU - Bodg50-9051-900-0017 GMR ESC   ;Salón Sputnik;Compumax Computer ;Campuslands;0;*000000*
112;327;COM2024CM21070846;000000;966217823;Monitor - Bodg50-9051-900-0017 GMR ESC   ;Salón Sputnik;Compumax Computer ;Campuslands;0;*000000*
113;327;KBM130090709;000000;966217823;Teclado - Bodg50-9051-900-0017 GMR ESC   ;Salón Sputnik;Compumax Computer ;Campuslands;0;*000000*
114;327;Sin serial ;000000;966217823;Mouse - Bodg50-9051-900-0017 GMR ESC   ;Salón Sputnik;Compumax Computer ;Campuslands;0;*000000*
115;327;400SN39183;000000;966217823;CPU - Bodg50-9051-900-0017 GMR ESC   ;Salón Sputnik;Compumax Computer ;Campuslands;0;*000000*
116;327;COM2024CM21070211;000000;966217823;Monitor - Bodg50-9051-900-0017 GMR ESC   ;Salón Sputnik;Compumax Computer ;Campuslands;0;*000000*
117;327;KBM130091709;000000;966217823;Teclado - Bodg50-9051-900-0017 GMR ESC   ;Salón Sputnik;Compumax Computer ;Campuslands;0;*000000*
118;327;Sin serial ;000000;966217823;Mouse - Bodg50-9051-900-0017 GMR ESC   ;Salón Sputnik;Compumax Computer ;Campuslands;0;*000000*
119;327;102SN55098;000000;966217823;CPU - Bodg50-9051-900-0017 GMR ESC   ;Salón Sputnik;Compumax Computer ;Campuslands;0;*000000*
120;327;COM2024CM21070733;000000;966217823;Monitor - Bodg50-9051-900-0017 GMR ESC   ;Salón Sputnik;Compumax Computer ;Campuslands;0;*000000*
121;327;KBM130090710;000000;966217823;Teclado - Bodg50-9051-900-0017 GMR ESC   ;Salón Sputnik;Compumax Computer ;Campuslands;0;*000000*
122;327;Sin serial ;000000;966217823;Mouse - Bodg50-9051-900-0017 GMR ESC   ;Salón Sputnik;Compumax Computer ;Campuslands;0;*000000*
123;327;102SN55108;000000;966217823;CPU - Bodg50-9051-900-0017 GMR ESC   ;Salón Sputnik;Compumax Computer ;Campuslands;0;*000000*
124;327;COM2024CM21070287;000000;966217823;Monitor - Bodg50-9051-900-0017 GMR ESC   ;Salón Sputnik;Compumax Computer ;Campuslands;0;*000000*
125;327;KBM130091748;000000;966217823;Teclado - Bodg50-9051-900-0017 GMR ESC   ;Salón Sputnik;Compumax Computer ;Campuslands;0;*000000*
126;327;Sin serial ;000000;966217823;Mouse - Bodg50-9051-900-0017 GMR ESC   ;Salón Sputnik;Compumax Computer ;Campuslands;0;*000000*
127;327;400SN39224;000000;966217823;CPU - Bodg50-9051-900-0017 GMR ESC   ;Salón Sputnik;Compumax Computer ;Campuslands;0;*000000*
128;327;COM2024CM21070629;000000;966217823;Monitor - Bodg50-9051-900-0017 GMR ESC   ;Salón Sputnik;Compumax Computer ;Campuslands;0;*000000*
129;327;KBM130090748;000000;966217823;Teclado - Bodg50-9051-900-0017 GMR ESC   ;Salón Sputnik;Compumax Computer ;Campuslands;0;*000000*
130;327;;000000;966217823;Mouse - Bodg50-9051-900-0017 GMR ESC   ;Salón Sputnik;Compumax Computer ;Campuslands;0;*000000*
131;327;400SN39179;000000;966217823;CPU - Bodg50-9051-900-0017 GMR ESC   ;Salón Sputnik;Compumax Computer ;Campuslands;0;*000000*
132;327;COM2024CM21070188;000000;966217823;Monitor - Bodg50-9051-900-0017 GMR ESC   ;Salón Sputnik;Compumax Computer ;Campuslands;0;*000000*
133;327;KBM130090749;000000;966217823;Teclado - Bodg50-9051-900-0017 GMR ESC   ;Salón Sputnik;Compumax Computer ;Campuslands;0;*000000*
134;327;Sin serial ;000000;966217823;Mouse - Bodg50-9051-900-0017 GMR ESC   ;Salón Sputnik;Compumax Computer ;Campuslands;0;*000000*
135;327;102SN55092;000000;966217823;CPU - Bodg50-9051-900-0017 GMR ESC   ;Salón Sputnik;Compumax Computer ;Campuslands;0;*000000*
136;327;COM2024CM21070050;000000;966217823;Monitor - Bodg50-9051-900-0017 GMR ESC   ;Salón Sputnik;Compumax Computer ;Campuslands;0;*000000*
137;327;KBM130090705;000000;966217823;Teclado - Bodg50-9051-900-0017 GMR ESC   ;Salón Sputnik;Compumax Computer ;Campuslands;0;*000000*
138;327;Sin serial ;000000;966217823;Mouse - Bodg50-9051-900-0017 GMR ESC   ;Salón Sputnik;Compumax Computer ;Campuslands;0;*000000*
139;327;400SN39187;000000;966217823;CPU - Bodg50-9051-900-0017 GMR ESC   ;Salón Sputnik;Compumax Computer ;Campuslands;0;*000000*
140;327;COM2024CM21070663;000000;966217823;Monitor - Bodg50-9051-900-0017 GMR ESC   ;Salón Sputnik;Compumax Computer ;Campuslands;0;*000000*
141;327;KBM130090733;000000;966217823;Teclado - Bodg50-9051-900-0017 GMR ESC   ;Salón Sputnik;Compumax Computer ;Campuslands;0;*000000*
142;327;Sin serial ;000000;966217823;Mouse - Bodg50-9051-900-0017 GMR ESC   ;Salón Sputnik;Compumax Computer ;Campuslands;0;*000000*
143;327;400SN39200;000000;966217823;CPU - Bodg50-9051-900-0017 GMR ESC   ;Salón Sputnik;Compumax Computer ;Campuslands;0;*000000*
144;327;COM2024CM21070705;000000;966217823;Monitor - Bodg50-9051-900-0017 GMR ESC   ;Salón Sputnik;Compumax Computer ;Campuslands;0;*000000*
145;327;KBM130091705;000000;966217823;Teclado - Bodg50-9051-900-0017 GMR ESC   ;Salón Sputnik;Compumax Computer ;Campuslands;0;*000000*
146;327;Sin serial ;000000;966217823;Mouse - Bodg50-9051-900-0017 GMR ESC   ;Salón Sputnik;Compumax Computer ;Campuslands;0;*000000*
147;327;102SN55091;000000;966217823;CPU - Bodg50-9051-900-0017 GMR ESC   ;Salón Sputnik;Compumax Computer ;Campuslands;0;*000000*
148;327;COM2024CM21070754;000000;966217823;Monitor - Bodg50-9051-900-0017 GMR ESC   ;Salón Sputnik;Compumax Computer ;Campuslands;0;*000000*
149;327;KBM130091701;000000;966217823;Teclado - Bodg50-9051-900-0017 GMR ESC   ;Salón Sputnik;Compumax Computer ;Campuslands;0;*000000*
150;327;Sin serial ;000000;966217823;Mouse - Bodg50-9051-900-0017 GMR ESC   ;Salón Sputnik;Compumax Computer ;Campuslands;0;*000000*
151;327;400SN39237;000000;966217823;CPU - Bodg50-9051-900-0017 GMR ESC   ;Salón Sputnik;Compumax Computer ;Campuslands;0;*000000*
152;327;COM2024CM21070394;000000;966217823;Monitor - Bodg50-9051-900-0017 GMR ESC   ;Salón Sputnik;Compumax Computer ;Campuslands;0;*000000*
153;327;KBM130091751;000000;966217823;Teclado - Bodg50-9051-900-0017 GMR ESC   ;Salón Sputnik;Compumax Computer ;Campuslands;0;*000000*
154;327;Sin serial ;000000;966217823;Mouse - Bodg50-9051-900-0017 GMR ESC   ;Salón Sputnik;Compumax Computer ;Campuslands;0;*000000*
155;327;102SN55099;000000;966217823;CPU - Bodg50-9051-900-0017 GMR ESC   ;Salón Sputnik;Compumax Computer ;Campuslands;0;*000000*
156;327;COM2024CM21070683;000000;966217823;Monitor - Bodg50-9051-900-0017 GMR ESC   ;Salón Sputnik;Compumax Computer ;Campuslands;0;*000000*
157;327;KBM130090751;000000;966217823;Teclado - Bodg50-9051-900-0017 GMR ESC   ;Salón Sputnik;Compumax Computer ;Campuslands;0;*000000*
158;327;Sin serial ;000000;966217823;Mouse - Bodg50-9051-900-0017 GMR ESC   ;Salón Sputnik;Compumax Computer ;Campuslands;0;*000000*
159;327;400SN39184;000000;966217823;CPU - Bodg50-9051-900-0017 GMR ESC   ;Salón Sputnik;Compumax Computer ;Campuslands;0;*000000*
160;327;COM2024CM21070520;000000;966217823;Monitor - Bodg50-9051-900-0017 GMR ESC   ;Salón Sputnik;Compumax Computer ;Campuslands;0;*000000*
161;327;KBM130091717;000000;966217823;Teclado - Bodg50-9051-900-0017 GMR ESC   ;Salón Sputnik;Compumax Computer ;Campuslands;0;*000000*
162;327;Sin serial ;000000;966217823;Mouse - Bodg50-9051-900-0017 GMR ESC   ;Salón Sputnik;Compumax Computer ;Campuslands;0;*000000*
163;327;400SN39180;000000;966217823;CPU - Bodg50-9051-900-0017 GMR ESC   ;Salón Sputnik;Compumax Computer ;Campuslands;0;*000000*
164;327;COM2024CM21070374;000000;966217823;Monitor - Bodg50-9051-900-0017 GMR ESC   ;Salón Sputnik;Compumax Computer ;Campuslands;0;*000000*
165;327;KBM130090704;000000;966217823;Teclado - Bodg50-9051-900-0017 GMR ESC   ;Salón Sputnik;Compumax Computer ;Campuslands;0;*000000*
166;327;Sin serial ;000000;966217823;Mouse - Bodg50-9051-900-0017 GMR ESC   ;Salón Sputnik;Compumax Computer ;Campuslands;0;*000000*
167;327;400SN39199;000000;966217823;CPU - Bodg50-9051-900-0017 GMR ESC   ;Salón Sputnik;Compumax Computer ;Campuslands;0;*000000*
168;327;COM2024CM21070711;000000;966217823;Monitor - Bodg50-9051-900-0017 GMR ESC   ;Salón Sputnik;Compumax Computer ;Campuslands;0;*000000*
169;327;KBM130091715;000000;966217823;Teclado - Bodg50-9051-900-0017 GMR ESC   ;Salón Sputnik;Compumax Computer ;Campuslands;0;*000000*
170;327;Sin serial ;000000;966217823;Mouse - Bodg50-9051-900-0017 GMR ESC   ;Salón Sputnik;Compumax Computer ;Campuslands;0;*000000*
171;327;102SN55105;000000;966217823;CPU - Bodg50-9051-900-0017 GMR ESC   ;Salón Sputnik;Compumax Computer ;Campuslands;0;*000000*
172;327;COM2024CM21070043;000000;966217823;Monitor - Bodg50-9051-900-0017 GMR ESC   ;Salón Sputnik;Compumax Computer ;Campuslands;0;*000000*
173;327;UD18J2C00169;000000;966217823;Teclado - Bodg50-9051-900-0017 GMR ESC   ;Salón Sputnik;Compumax Computer ;Campuslands;0;*000000*
174;327;Sin serial ;000000;966217823;Mouse - Bodg50-9051-900-0017 GMR ESC   ;Salón Sputnik;Compumax Computer ;Campuslands;0;*000000*
175;327;102SN55097;000000;966217823;CPU - Bodg50-9051-900-0017 GMR ESC   ;Salón Sputnik;Compumax Computer ;Campuslands;0;*000000*
176;327;COM2024CM21070151;000000;966217823;Monitor - Bodg50-9051-900-0017 GMR ESC   ;Salón Sputnik;Compumax Computer ;Campuslands;0;*000000*
177;327;KBM130090716;000000;966217823;Teclado - Bodg50-9051-900-0017 GMR ESC   ;Salón Sputnik;Compumax Computer ;Campuslands;0;*000000*
178;327;Sin serial ;000000;966217823;Mouse - Bodg50-9051-900-0017 GMR ESC   ;Salón Sputnik;Compumax Computer ;Campuslands;0;*000000*
179;327;102SN55104;000000;966217823;CPU - Bodg50-9051-900-0017 GMR ESC   ;Salón Sputnik;Compumax Computer ;Campuslands;0;*000000*
180;327;COM2024CM21070127;000000;966217823;Monitor - Bodg50-9051-900-0017 GMR ESC   ;Salón Sputnik;Compumax Computer ;Campuslands;0;*000000*
181;327;KBM130090715;000000;966217823;Teclado - Bodg50-9051-900-0017 GMR ESC   ;Salón Sputnik;Compumax Computer ;Campuslands;0;*000000*
182;327;Sin serial ;000000;966217823;Mouse - Bodg50-9051-900-0017 GMR ESC   ;Salón Sputnik;Compumax Computer ;Campuslands;0;*000000*
183;327;102SN55084;000000;966217823;CPU - Bodg50-9051-900-0017 GMR ESC   ;Salón Sputnik;Compumax Computer ;Campuslands;0;*000000*
184;327;COM2024CM21070029;000000;966217823;Monitor - Bodg50-9051-900-0017 GMR ESC   ;Salón Sputnik;Compumax Computer ;Campuslands;0;*000000*
185;327;KBM130091714;000000;966217823;Teclado - Bodg50-9051-900-0017 GMR ESC   ;Salón Sputnik;Compumax Computer ;Campuslands;0;*000000*
186;327;Sin serial ;000000;966217823;Mouse - Bodg50-9051-900-0017 GMR ESC   ;Salón Sputnik;Compumax Computer ;Campuslands;0;*000000*
187;327;400SN39194;000000;966217823;CPU - Bodg50-9051-900-0017 GMR ESC   ;Salón Sputnik;Compumax Computer ;Campuslands;0;*000000*
188;327;COM2024CM21070135;000000;966217823;Monitor - Bodg50-9051-900-0017 GMR ESC   ;Salón Sputnik;Compumax Computer ;Campuslands;0;*000000*
189;327;KBM130090714;000000;966217823;Teclado - Bodg50-9051-900-0017 GMR ESC   ;Salón Sputnik;Compumax Computer ;Campuslands;0;*000000*
190;327;Sin serial ;000000;966217823;Mouse - Bodg50-9051-900-0017 GMR ESC   ;Salón Sputnik;Compumax Computer ;Campuslands;0;*000000*
191;327;Sin serial ;000000;966217823;CPU-Bodg50-9048-900-0044 GMRESC R3;Salón Sputnik;Compumax Computer ;Campuslands;0;*000000*
192;327;400SN39175;000000;966217823;CPU-Bodg50-9048-900-0044 GMRESC R3;Salón Apolo;Compumax Computer ;Campuslands;0;*000000*
193;327;COM2024CM21070257;000000;966217823;Monitor-Bodg50-9048-900-0044 GMRESC R3;Salón Apolo;Compumax Computer ;Campuslands;0;*000000*
194;327;KBM130091739;000000;966217823;Teclado-Bodg50-9048-900-0044 GMRESC R3;Salón Apolo;Compumax Computer ;Campuslands;0;*000000*
195;327;Sin serial ;000000;966217823;Mouse-Bodg50-9048-900-0044 GMRESC R3;Salón Apolo;Compumax Computer ;Campuslands;0;*000000*
196;327;400SN39206;000000;966217823;CPU-Bodg50-9048-900-0044 GMRESC R3;Salón Apolo;Compumax Computer ;Campuslands;0;*000000*
197;327;COM2024CM21070609;000000;966217823;Monitor-Bodg50-9048-900-0044 GMRESC R3;Salón Apolo;Compumax Computer ;Campuslands;0;*000000*
198;327;KBM130091743;000000;966217823;Teclado-Bodg50-9048-900-0044 GMRESC R3;Salón Apolo;Compumax Computer ;Campuslands;0;*000000*
199;327;Sin serial ;000000;966217823;Mouse-Bodg50-9048-900-0044 GMRESC R3;Salón Apolo;Compumax Computer ;Campuslands;0;*000000*
200;327;400SN39212;000000;966217823;CPU-Bodg50-9048-900-0044 GMRESC R3;Salón Apolo;Compumax Computer ;Campuslands;0;*000000*
201;327;COM2024CM21070778;000000;966217823;Monitor-Bodg50-9048-900-0044 GMRESC R3;Salón Apolo;Compumax Computer ;Campuslands;0;*000000*
202;327;KBM130090742;000000;966217823;Teclado-Bodg50-9048-900-0044 GMRESC R3;Salón Apolo;Compumax Computer ;Campuslands;0;*000000*
203;327;Sin serial ;000000;966217823;Mouse-Bodg50-9048-900-0044 GMRESC R3;Salón Apolo;Compumax Computer ;Campuslands;0;*000000*
204;327;400SN39217;000000;966217823;CPU-Bodg50-9048-900-0044 GMRESC R3;Salón Apolo;Compumax Computer ;Campuslands;0;*000000*
205;327;COM2024CM21070069;000000;966217823;Monitor-Bodg50-9048-900-0044 GMRESC R3;Salón Apolo;Compumax Computer ;Campuslands;0;*000000*
206;327;KBM130091742;000000;966217823;Teclado-Bodg50-9048-900-0044 GMRESC R3;Salón Apolo;Compumax Computer ;Campuslands;0;*000000*
207;327;Sin serial ;000000;966217823;Mouse-Bodg50-9048-900-0044 GMRESC R3;Salón Apolo;Compumax Computer ;Campuslands;0;*000000*
208;327;400SN39203;000000;966217823;CPU-Bodg50-9048-900-0044 GMRESC R3;Salón Apolo;Compumax Computer ;Campuslands;0;*000000*
209;327;COM2024CM21070349;000000;966217823;Monitor-Bodg50-9048-900-0044 GMRESC R3;Salón Apolo;Compumax Computer ;Campuslands;0;*000000*
210;327;KBM130090743;000000;966217823;Teclado-Bodg50-9048-900-0044 GMRESC R3;Salón Apolo;Compumax Computer ;Campuslands;0;*000000*
211;327;Sin serial ;000000;966217823;Mouse-Bodg50-9048-900-0044 GMRESC R3;Salón Apolo;Compumax Computer ;Campuslands;0;*000000*
212;327;400SN39201;000000;966217823;CPU-Bodg50-9048-900-0044 GMRESC R3;Salón Apolo;Compumax Computer ;Campuslands;0;*000000*
213;327;COM2024CM21070004;000000;966217823;Monitor-Bodg50-9048-900-0044 GMRESC R3;Salón Apolo;Compumax Computer ;Campuslands;0;*000000*
214;327;KBM130091710;000000;966217823;Teclado-Bodg50-9048-900-0044 GMRESC R3;Salón Apolo;Compumax Computer ;Campuslands;0;*000000*
215;327;Sin serial ;000000;966217823;Mouse-Bodg50-9048-900-0044 GMRESC R3;Salón Apolo;Compumax Computer ;Campuslands;0;*000000*
216;327;400SN39207;000000;966217823;CPU-Bodg50-9048-900-0044 GMRESC R3;Salón Apolo;Compumax Computer ;Campuslands;0;*000000*
217;327;COM2024CM21070727;000000;966217823;Monitor-Bodg50-9048-900-0044 GMRESC R3;Salón Apolo;Compumax Computer ;Campuslands;0;*000000*
218;327;KBM130090728;000000;966217823;Teclado-Bodg50-9048-900-0044 GMRESC R3;Salón Apolo;Compumax Computer ;Campuslands;0;*000000*
219;327;Sin serial ;000000;966217823;Mouse-Bodg50-9048-900-0044 GMRESC R3;Salón Apolo;Compumax Computer ;Campuslands;0;*000000*
220;327;400SN39170;000000;966217823;CPU-Bodg50-9048-900-0044 GMRESC R3;Salón Apolo;Compumax Computer ;Campuslands;0;*000000*
221;327;COM2024CM21070063;000000;966217823;Monitor-Bodg50-9048-900-0044 GMRESC R3;Salón Apolo;Compumax Computer ;Campuslands;0;*000000*
222;327;KBM130090729;000000;966217823;Teclado-Bodg50-9048-900-0044 GMRESC R3;Salón Apolo;Compumax Computer ;Campuslands;0;*000000*
223;327;Sin serial ;000000;966217823;Mouse-Bodg50-9048-900-0044 GMRESC R3;Salón Apolo;Compumax Computer ;Campuslands;0;*000000*
224;327;400SN39193;000000;966217823;CPU-Bodg50-9048-900-0044 GMRESC R3;Salón Apolo;Compumax Computer ;Campuslands;0;*000000*
225;327;COM2024CM21070203;000000;966217823;Monitor-Bodg50-9048-900-0044 GMRESC R3;Salón Apolo;Compumax Computer ;Campuslands;0;*000000*
226;327;KBM130091734;000000;966217823;Teclado-Bodg50-9048-900-0044 GMRESC R3;Salón Apolo;Compumax Computer ;Campuslands;0;*000000*
227;327;Sin serial ;000000;966217823;Mouse-Bodg50-9048-900-0044 GMRESC R3;Salón Apolo;Compumax Computer ;Campuslands;0;*000000*
228;327;400SN39213;000000;966217823;CPU-Bodg50-9048-900-0044 GMRESC R3;Salón Apolo;Compumax Computer ;Campuslands;0;*000000*
229;327;COM2024CM21070517;000000;966217823;Monitor-Bodg50-9048-900-0044 GMRESC R3;Salón Apolo;Compumax Computer ;Campuslands;0;*000000*
230;327;KBM130090735;000000;966217823;Teclado-Bodg50-9048-900-0044 GMRESC R3;Salón Apolo;Compumax Computer ;Campuslands;0;*000000*
231;327;Sin serial ;000000;966217823;Mouse-Bodg50-9048-900-0044 GMRESC R3;Salón Apolo;Compumax Computer ;Campuslands;0;*000000*
232;327;400SN39197;000000;966217823;CPU-Bodg50-9048-900-0044 GMRESC R3;Salón Apolo;Compumax Computer ;Campuslands;0;*000000*
233;327;COM2024CM21070007;000000;966217823;Monitor-Bodg50-9048-900-0044 GMRESC R3;Salón Apolo;Compumax Computer ;Campuslands;0;*000000*
234;327;KBM130090734;000000;966217823;Teclado-Bodg50-9048-900-0044 GMRESC R3;Salón Apolo;Compumax Computer ;Campuslands;0;*000000*
235;327;Sin serial ;000000;966217823;Mouse-Bodg50-9048-900-0044 GMRESC R3;Salón Apolo;Compumax Computer ;Campuslands;0;*000000*
236;327;102SN55078;000000;966217823;CPU-Bodg50-9048-900-0044 GMRESC R3;Salón Apolo;Compumax Computer ;Campuslands;0;*000000*
237;327;COM2024CM21070008;000000;966217823;Monitor-Bodg50-9048-900-0044 GMRESC R3;Salón Apolo;Compumax Computer ;Campuslands;0;*000000*
238;327;KBM130090750;000000;966217823;Teclado-Bodg50-9048-900-0044 GMRESC R3;Salón Apolo;Compumax Computer ;Campuslands;0;*000000*
239;327;Sin serial ;000000;966217823;Mouse-Bodg50-9048-900-0044 GMRESC R3;Salón Apolo;Compumax Computer ;Campuslands;0;*000000*
240;327;102SN55085;000000;966217823;CPU-Bodg50-9048-900-0044 GMRESC R3;Salón Apolo;Compumax Computer ;Campuslands;0;*000000*
241;327;COM2024CM21070117;000000;966217823;Monitor-Bodg50-9048-900-0044 GMRESC R3;Salón Apolo;Compumax Computer ;Campuslands;0;*000000*
242;327;KBM130091713;000000;966217823;Teclado-Bodg50-9048-900-0044 GMRESC R3;Salón Apolo;Compumax Computer ;Campuslands;0;*000000*
243;327;Sin serial ;000000;966217823;Mouse-Bodg50-9048-900-0044 GMRESC R3;Salón Apolo;Compumax Computer ;Campuslands;0;*000000*
244;327;400SN39233;000000;966217823;CPU-Bodg50-9048-900-0044 GMRESC R3;Salón Apolo;Compumax Computer ;Campuslands;0;*000000*
245;327;COM2024CM21070277;000000;966217823;Monitor-Bodg50-9048-900-0044 GMRESC R3;Salón Apolo;Compumax Computer ;Campuslands;0;*000000*
246;327;KBM130090713;000000;966217823;Teclado-Bodg50-9048-900-0044 GMRESC R3;Salón Apolo;Compumax Computer ;Campuslands;0;*000000*
247;327;Sin serial ;000000;966217823;Mouse-Bodg50-9048-900-0044 GMRESC R3;Salón Apolo;Compumax Computer ;Campuslands;0;*000000*
248;327;102SN55082;000000;966217823;CPU-Bodg50-9048-900-0044 GMRESC R3;Salón Apolo;Compumax Computer ;Campuslands;0;*000000*
249;327;COM2024CM21070406;000000;966217823;Monitor-Bodg50-9048-900-0044 GMRESC R3;Salón Apolo;Compumax Computer ;Campuslands;0;*000000*
250;327;KBM130091712;000000;966217823;Teclado-Bodg50-9048-900-0044 GMRESC R3;Salón Apolo;Compumax Computer ;Campuslands;0;*000000*
251;327;Sin serial ;000000;966217823;Mouse-Bodg50-9048-900-0044 GMRESC R3;Salón Apolo;Compumax Computer ;Campuslands;0;*000000*
252;327;102SN55101;000000;966217823;CPU-Bodg50-9048-900-0044 GMRESC R3;Salón Apolo;Compumax Computer ;Campuslands;0;*000000*
253;327;COM2024CM21070557;000000;966217823;Monitor-Bodg50-9048-900-0044 GMRESC R3;Salón Apolo;Compumax Computer ;Campuslands;0;*000000*
254;327;KBM130091711;000000;966217823;Teclado-Bodg50-9048-900-0044 GMRESC R3;Salón Apolo;Compumax Computer ;Campuslands;0;*000000*
255;327;Sin serial ;000000;966217823;Mouse-Bodg50-9048-900-0044 GMRESC R3;Salón Apolo;Compumax Computer ;Campuslands;0;*000000*
256;327;400SN39192;000000;966217823;CPU-Bodg50-9048-900-0044 GMRESC R3;Salón Apolo;Compumax Computer ;Campuslands;0;*000000*
257;327;COM2024CM21070853;000000;966217823;Monitor-Bodg50-9048-900-0044 GMRESC R3;Salón Apolo;Compumax Computer ;Campuslands;0;*000000*
258;327;KBM130090712;000000;966217823;Teclado-Bodg50-9048-900-0044 GMRESC R3;Salón Apolo;Compumax Computer ;Campuslands;0;*000000*
259;327;Sin serial ;000000;966217823;Mouse-Bodg50-9048-900-0044 GMRESC R3;Salón Apolo;Compumax Computer ;Campuslands;0;*000000*
260;327;400SN39181;000000;966217823;CPU-Bodg50-9048-900-0044 GMRESC R3;Salón Apolo;Compumax Computer ;Campuslands;0;*000000*
261;327;COM2024CM21070893;000000;966217823;Monitor-Bodg50-9048-900-0044 GMRESC R3;Salón Apolo;Compumax Computer ;Campuslands;0;*000000*
262;327;KBM130090711;000000;966217823;Teclado-Bodg50-9048-900-0044 GMRESC R3;Salón Apolo;Compumax Computer ;Campuslands;0;*000000*
263;327;Sin serial ;000000;966217823;Mouse-Bodg50-9048-900-0044 GMRESC R3;Salón Apolo;Compumax Computer ;Campuslands;0;*000000*
264;327;400SN39195;000000;966217823;CPU-Bodg50-9048-900-0044 GMRESC R3;Salón Apolo;Compumax Computer ;Campuslands;0;*000000*
265;327;COM2024CM21070898;000000;966217823;Monitor-Bodg50-9048-900-0044 GMRESC R3;Salón Apolo;Compumax Computer ;Campuslands;0;*000000*
266;327;KBM130091741;000000;966217823;Teclado-Bodg50-9048-900-0044 GMRESC R3;Salón Apolo;Compumax Computer ;Campuslands;0;*000000*
267;327;Sin serial ;000000;966217823;Mouse-Bodg50-9048-900-0044 GMRESC R3;Salón Apolo;Compumax Computer ;Campuslands;0;*000000*
268;327;400SN39232;000000;966217823;CPU-Bodg50-9048-900-0044 GMRESC R3;Salón Apolo;Compumax Computer ;Campuslands;0;*000000*
269;327;COM2024CM21070400;000000;966217823;Monitor-Bodg50-9048-900-0044 GMRESC R3;Salón Apolo;Compumax Computer ;Campuslands;0;*000000*
270;327;KBM130091740;000000;966217823;Teclado-Bodg50-9048-900-0044 GMRESC R3;Salón Apolo;Compumax Computer ;Campuslands;0;*000000*
271;327;Sin serial ;000000;966217823;Mouse-Bodg50-9048-900-0044 GMRESC R3;Salón Apolo;Compumax Computer ;Campuslands;0;*000000*
272;327;400SN39231;000000;966217823;CPU-Bodg50-9048-900-0044 GMRESC R3;Salón Apolo;Compumax Computer ;Campuslands;0;*000000*
273;327;COM2024CM21070761;000000;966217823;Monitor-Bodg50-9048-900-0044 GMRESC R3;Salón Apolo;Compumax Computer ;Campuslands;0;*000000*
274;327;KBM130090739;000000;966217823;Teclado-Bodg50-9048-900-0044 GMRESC R3;Salón Apolo;Compumax Computer ;Campuslands;0;*000000*
275;327;Sin serial ;000000;966217823;Mouse-Bodg50-9048-900-0044 GMRESC R3;Salón Apolo;Compumax Computer ;Campuslands;0;*000000*
276;327;400SN39171;000000;966217823;CPU-Bodg50-9048-900-0044 GMRESC R3;Salón Apolo;Compumax Computer ;Campuslands;0;*000000*
277;327;COM2024CM21070534;000000;966217823;Monitor-Bodg50-9048-900-0044 GMRESC R3;Salón Apolo;Compumax Computer ;Campuslands;0;*000000*
278;327;KBM130090741;000000;966217823;Teclado-Bodg50-9048-900-0044 GMRESC R3;Salón Apolo;Compumax Computer ;Campuslands;0;*000000*
279;327;Sin serial ;000000;966217823;Mouse-Bodg50-9048-900-0044 GMRESC R3;Salón Apolo;Compumax Computer ;Campuslands;0;*000000*
280;327;400SN39220;000000;966217823;CPU-Bodg50-9048-900-0044 GMRESC R3;Salón Apolo;Compumax Computer ;Campuslands;0;*000000*
281;327;COM2024CM21070017;000000;966217823;Monitor-Bodg50-9048-900-0044 GMRESC R3;Salón Apolo;Compumax Computer ;Campuslands;0;*000000*
282;327;KBM130091750;000000;966217823;Teclado-Bodg50-9048-900-0044 GMRESC R3;Salón Apolo;Compumax Computer ;Campuslands;0;*000000*
283;327;Sin serial ;000000;966217823;Mouse-Bodg50-9048-900-0044 GMRESC R3;Salón Apolo;Compumax Computer ;Campuslands;0;*000000*
284;327;102SN55100;000000;966217823;CPU-Bodg50-9048-900-0044 GMRESC R3;Salón Apolo;Compumax Computer ;Campuslands;0;*000000*
285;327;COM2024CM21070281;000000;966217823;Monitor-Bodg50-9048-900-0044 GMRESC R3;Salón Apolo;Compumax Computer ;Campuslands;0;*000000*
286;327;KBM130091749;000000;966217823;Teclado-Bodg50-9048-900-0044 GMRESC R3;Salón Apolo;Compumax Computer ;Campuslands;0;*000000*
287;327;Sin serial ;000000;966217823;Mouse-Bodg50-9048-900-0044 GMRESC R3;Salón Apolo;Compumax Computer ;Campuslands;0;*000000*
288;327;400SN39236;000000;966217823;CPU-Bodg50-9048-900-0044 GMRESC R3;Salón Apolo;Compumax Computer ;Campuslands;0;*000000*
289;327;COM2024CM21070205;000000;966217823;Monitor-Bodg50-9048-900-0044 GMRESC R3;Salón Apolo;Compumax Computer ;Campuslands;0;*000000*
290;327;KBM130090740;000000;966217823;Teclado-Bodg50-9048-900-0044 GMRESC R3;Salón Apolo;Compumax Computer ;Campuslands;0;*000000*
291;327;Sin serial ;000000;966217823;Mouse-Bodg50-9048-900-0044 GMRESC R3;Salón Apolo;Compumax Computer ;Campuslands;0;*000000*
292;327;400SN39216;000000;966217823;CPU-Bodg50-9048-900-0044 GMRESC R3;Salón Apolo;Compumax Computer ;Campuslands;0;*000000*
293;327;COM2024CM21070041;000000;966217823;Monitor-Bodg50-9048-900-0044 GMRESC R3;Salón Apolo;Compumax Computer ;Campuslands;0;*000000*
294;327;KBM130091728;000000;966217823;Teclado-Bodg50-9048-900-0044 GMRESC R3;Salón Apolo;Compumax Computer ;Campuslands;0;*000000*
295;327;Sin serial ;000000;966217823;Mouse-Bodg50-9048-900-0044 GMRESC R3;Salón Apolo;Compumax Computer ;Campuslands;0;*000000*
296;327;400SN39176;000000;966217823;CPU-Bodg50-9048-900-0044 GMRESC R3;Salón Apolo;Compumax Computer ;Campuslands;0;*000000*
297;327;COM2024CM21070712;000000;966217823;Monitor-Bodg50-9048-900-0044 GMRESC R3;Salón Apolo;Compumax Computer ;Campuslands;0;*000000*
298;327;KBM130090727;000000;966217823;Teclado-Bodg50-9048-900-0044 GMRESC R3;Salón Apolo;Compumax Computer ;Campuslands;0;*000000*
299;327;Sin serial ;000000;966217823;Mouse-Bodg50-9048-900-0044 GMRESC R3;Salón Apolo;Compumax Computer ;Campuslands;0;*000000*
300;327;102SN55077;000000;966217823;CPU-Bodg50-9048-900-0044 GMRESC R3;Salón Apolo;Compumax Computer ;Campuslands;0;*000000*
301;327;COM2024CM21070129;000000;966217823;Monitor-Bodg50-9048-900-0044 GMRESC R3;Salón Apolo;Compumax Computer ;Campuslands;0;*000000*
302;327;KBM130091727;000000;966217823;Teclado-Bodg50-9048-900-0044 GMRESC R3;Salón Apolo;Compumax Computer ;Campuslands;0;*000000*
303;327;Sin serial ;000000;966217823;Mouse-Bodg50-9048-900-0044 GMRESC R3;Salón Apolo;Compumax Computer ;Campuslands;0;*000000*
304;327;400SN39211;000000;966217823;CPU-Bodg50-9048-900-0044 GMRESC R3;Salón Apolo;Compumax Computer ;Campuslands;0;*000000*
305;327;COM2024CM21070140;000000;966217823;Monitor-Bodg50-9048-900-0044 GMRESC R3;Salón Apolo;Compumax Computer ;Campuslands;0;*000000*
306;327;KBM130091726;000000;966217823;Teclado-Bodg50-9048-900-0044 GMRESC R3;Salón Apolo;Compumax Computer ;Campuslands;0;*000000*
307;327;Sin serial ;000000;966217823;Mouse-Bodg50-9048-900-0044 GMRESC R3;Salón Apolo;Compumax Computer ;Campuslands;0;*000000*
308;327;400SN39219;000000;966217823;CPU-Bodg50-9048-900-0044 GMRESC R3;Salón Apolo;Compumax Computer ;Campuslands;0;*000000*
309;327;COM2024CM21070316;000000;966217823;Monitor-Bodg50-9048-900-0044 GMRESC R3;Salón Apolo;Compumax Computer ;Campuslands;0;*000000*
310;327;KBM130090725;000000;966217823;Teclado-Bodg50-9048-900-0044 GMRESC R3;Salón Apolo;Compumax Computer ;Campuslands;0;*000000*
311;327;Sin serial ;000000;966217823;Mouse-Bodg50-9048-900-0044 GMRESC R3;Salón Apolo;Compumax Computer ;Campuslands;0;*000000*
312;327;102SN55093;000000;966217823;CPU-Bodg50-9048-900-0044 GMRESC R3;Salón Apolo;Compumax Computer ;Campuslands;0;*000000*
313;327;COM2024CM21070153;000000;966217823;Monitor-Bodg50-9048-900-0044 GMRESC R3;Salón Apolo;Compumax Computer ;Campuslands;0;*000000*
314;327;KBM130090726;000000;966217823;Teclado-Bodg50-9048-900-0044 GMRESC R3;Salón Apolo;Compumax Computer ;Campuslands;0;*000000*
315;327;Sin serial ;000000;966217823;Mouse-Bodg50-9048-900-0044 GMRESC R3;Salón Apolo;Compumax Computer ;Campuslands;0;*000000*
316;327;400SN39210;000000;966217823;CPU-Bodg50-9048-900-0044 GMRESC R3;Salón Apolo;Compumax Computer ;Campuslands;0;*000000*
317;327;COM2024CM21070744;000000;966217823;Monitor-Bodg50-9048-900-0044 GMRESC R3;Salón Apolo;Compumax Computer ;Campuslands;0;*000000*
318;327;KBM130091752;000000;966217823;Teclado-Bodg50-9048-900-0044 GMRESC R3;Salón Apolo;Compumax Computer ;Campuslands;0;*000000*
319;327;Sin serial ;000000;966217823;Mouse-Bodg50-9048-900-0044 GMRESC R3;Salón Apolo;Compumax Computer ;Campuslands;0;*000000*
320;327;400SN39168;000000;966217823;CPU-Bodg50-9048-900-0044 GMRESC R3;Salón Apolo;Compumax Computer ;Campuslands;0;*000000*
321;327;COM2024CM21070830;000000;966217823;Monitor-Bodg50-9048-900-0044 GMRESC R3;Salón Apolo;Compumax Computer ;Campuslands;0;*000000*
322;327;KBM130090753;000000;966217823;Teclado-Bodg50-9048-900-0044 GMRESC R3;Salón Apolo;Compumax Computer ;Campuslands;0;*000000*
323;327;Sin serial ;000000;966217823;Mouse-Bodg50-9048-900-0044 GMRESC R3;Salón Apolo;Compumax Computer ;Campuslands;0;*000000*
324;327;400SN39191;000000;966217823;CPU-Bodg50-9048-900-0044 GMRESC R3;Salón Apolo;Compumax Computer ;Campuslands;0;*000000*
325;327;COM2024CM21070407;000000;966217823;Monitor-Bodg50-9048-900-0044 GMRESC R3;Salón Apolo;Compumax Computer ;Campuslands;0;*000000*
326;327;KBM130091753;000000;966217823;Teclado-Bodg50-9048-900-0044 GMRESC R3;Salón Apolo;Compumax Computer ;Campuslands;0;*000000*
327;327;Sin serial ;000000;966217823;Mouse-Bodg50-9048-900-0044 GMRESC R3;Salón Apolo;Compumax Computer ;Campuslands;0;*000000*
328;327;102SN55080;000000;966217823;CPU-Bodg50-9048-900-0044 GMRESC R3;Salón Artemis ;Compumax Computer ;Campuslands;0;*000000*
329;327;COM2024CM21070498;000000;966217823;Monitor-Bodg50-9048-900-0044 GMRESC R3;Salón Artemis ;Compumax Computer ;Campuslands;0;*000000*
330;327;KBM130090722;000000;966217823;Teclado-Bodg50-9048-900-0044 GMRESC R3;Salón Artemis ;Compumax Computer ;Campuslands;0;*000000*
331;327;Sin serial ;000000;966217823;Mouse-Bodg50-9048-900-0044 GMRESC R3;Salón Artemis ;Compumax Computer ;Campuslands;0;*000000*
332;327;400SN39221;000000;966217823;CPU-Bodg50-9048-900-0044 GMRESC R3;Salón Artemis ;Compumax Computer ;Campuslands;0;*000000*
333;327;COM2024CM21070464;000000;966217823;Monitor-Bodg50-9048-900-0044 GMRESC R3;Salón Artemis ;Compumax Computer ;Campuslands;0;*000000*
334;327;KBM130090723;000000;966217823;Teclado-Bodg50-9048-900-0044 GMRESC R3;Salón Artemis ;Compumax Computer ;Campuslands;0;*000000*
335;327;Sin serial ;000000;966217823;Mouse-Bodg50-9048-900-0044 GMRESC R3;Salón Artemis ;Compumax Computer ;Campuslands;0;*000000*
336;327;400SN39230;000000;966217823;CPU-Bodg50-9048-900-0044 GMRESC R3;Salón Artemis ;Compumax Computer ;Campuslands;0;*000000*
337;327;COM2024CM21070504;000000;966217823;Monitor-Bodg50-9048-900-0044 GMRESC R3;Salón Artemis ;Compumax Computer ;Campuslands;0;*000000*
338;327;KBM130091725;000000;966217823;Teclado-Bodg50-9048-900-0044 GMRESC R3;Salón Artemis ;Compumax Computer ;Campuslands;0;*000000*
339;327;Sin serial ;000000;966217823;Mouse-Bodg50-9048-900-0044 GMRESC R3;Salón Artemis ;Compumax Computer ;Campuslands;0;*000000*
340;327;102SN55089;000000;966217823;CPU-Bodg50-9048-900-0044 GMRESC R3;Salón Artemis ;Compumax Computer ;Campuslands;0;*000000*
341;327;COM2024CM21070338;000000;966217823;Monitor-Bodg50-9048-900-0044 GMRESC R3;Salón Artemis ;Compumax Computer ;Campuslands;0;*000000*
342;327;KBM130091737;000000;966217823;Teclado-Bodg50-9048-900-0044 GMRESC R3;Salón Artemis ;Compumax Computer ;Campuslands;0;*000000*
343;327;Sin serial ;000000;966217823;Mouse-Bodg50-9048-900-0044 GMRESC R3;Salón Artemis ;Compumax Computer ;Campuslands;0;*000000*
344;327;400SN39202;000000;966217823;CPU-Bodg50-9048-900-0044 GMRESC R3;Salón Artemis ;Compumax Computer ;Campuslands;0;*000000*
345;327;COM2024CM21070759;000000;966217823;Monitor-Bodg50-9048-900-0044 GMRESC R3;Salón Artemis ;Compumax Computer ;Campuslands;0;*000000*
346;327;KBM130091702;000000;966217823;Teclado-Bodg50-9048-900-0044 GMRESC R3;Salón Artemis ;Compumax Computer ;Campuslands;0;*000000*
347;327;Sin serial ;000000;966217823;Mouse-Bodg50-9048-900-0044 GMRESC R3;Salón Artemis ;Compumax Computer ;Campuslands;0;*000000*
348;327;102SN55088;000000;966217823;CPU-Bodg50-9048-900-0044 GMRESC R3;Salón Artemis ;Compumax Computer ;Campuslands;0;*000000*
349;327;COM2024CM21070817;000000;966217823;Monitor-Bodg50-9048-900-0044 GMRESC R3;Salón Artemis ;Compumax Computer ;Campuslands;0;*000000*
350;327;KBM130090737;000000;966217823;Teclado-Bodg50-9048-900-0044 GMRESC R3;Salón Artemis ;Compumax Computer ;Campuslands;0;*000000*
351;327;Sin serial ;000000;966217823;Mouse-Bodg50-9048-900-0044 GMRESC R3;Salón Artemis ;Compumax Computer ;Campuslands;0;*000000*
352;327;400SN39226;000000;966217823;CPU-Bodg50-9048-900-0044 GMRESC R3;Salón Artemis ;Compumax Computer ;Campuslands;0;*000000*
353;327;COM2024CM21070280;000000;966217823;Monitor-Bodg50-9048-900-0044 GMRESC R3;Salón Artemis ;Compumax Computer ;Campuslands;0;*000000*
354;327;KBM130090706;000000;966217823;Teclado-Bodg50-9048-900-0044 GMRESC R3;Salón Artemis ;Compumax Computer ;Campuslands;0;*000000*
355;327;Sin serial ;000000;966217823;Mouse-Bodg50-9048-900-0044 GMRESC R3;Salón Artemis ;Compumax Computer ;Campuslands;0;*000000*
356;327;400SN39235;000000;966217823;CPU-Bodg50-9048-900-0044 GMRESC R3;Salón Artemis ;Compumax Computer ;Campuslands;0;*000000*
357;327;COM2024CM21070668;000000;966217823;Monitor-Bodg50-9048-900-0044 GMRESC R3;Salón Artemis ;Compumax Computer ;Campuslands;0;*000000*
358;327;KBM130090707;000000;966217823;Teclado-Bodg50-9048-900-0044 GMRESC R3;Salón Artemis ;Compumax Computer ;Campuslands;0;*000000*
359;327;Sin serial ;000000;966217823;Mouse-Bodg50-9048-900-0044 GMRESC R3;Salón Artemis ;Compumax Computer ;Campuslands;0;*000000*
360;327;400SN39188;000000;966217823;CPU-Bodg50-9048-900-0044 GMRESC R3;Salón Artemis ;Compumax Computer ;Campuslands;0;*000000*
361;327;COM2024CM21070138;000000;966217823;Monitor-Bodg50-9048-900-0044 GMRESC R3;Salón Artemis ;Compumax Computer ;Campuslands;0;*000000*
362;327;KBM130091729;000000;966217823;Teclado-Bodg50-9048-900-0044 GMRESC R3;Salón Artemis ;Compumax Computer ;Campuslands;0;*000000*
363;327;Sin serial ;000000;966217823;Mouse-Bodg50-9048-900-0044 GMRESC R3;Salón Artemis ;Compumax Computer ;Campuslands;0;*000000*
364;327;400SN39209;000000;966217823;CPU-Bodg50-9048-900-0044 GMRESC R3;Salón Artemis ;Compumax Computer ;Campuslands;0;*000000*
365;327;COM2024CM21070451;000000;966217823;Monitor-Bodg50-9048-900-0044 GMRESC R3;Salón Artemis ;Compumax Computer ;Campuslands;0;*000000*
366;327;KBM130090730;000000;966217823;Teclado-Bodg50-9048-900-0044 GMRESC R3;Salón Artemis ;Compumax Computer ;Campuslands;0;*000000*
367;327;Sin serial ;000000;966217823;Mouse-Bodg50-9048-900-0044 GMRESC R3;Salón Artemis ;Compumax Computer ;Campuslands;0;*000000*
368;327;102SN55110;000000;966217823;CPU-Bodg50-9048-900-0044 GMRESC R3;Salón Artemis ;Compumax Computer ;Campuslands;0;*000000*
369;327;COM2024CM21070012;000000;966217823;Monitor-Bodg50-9048-900-0044 GMRESC R3;Salón Artemis ;Compumax Computer ;Campuslands;0;*000000*
370;327;KBM130091730;000000;966217823;Teclado-Bodg50-9048-900-0044 GMRESC R3;Salón Artemis ;Compumax Computer ;Campuslands;0;*000000*
371;327;Sin serial ;000000;966217823;Mouse-Bodg50-9048-900-0044 GMRESC R3;Salón Artemis ;Compumax Computer ;Campuslands;0;*000000*
372;327;102SN55109;000000;966217823;CPU-Bodg50-9048-900-0044 GMRESC R3;Salón Artemis ;Compumax Computer ;Campuslands;0;*000000*
373;327;COM2024CM21070786;000000;966217823;Monitor-Bodg50-9048-900-0044 GMRESC R3;Salón Artemis ;Compumax Computer ;Campuslands;0;*000000*
374;327;KBM130090296;000000;966217823;Teclado-Bodg50-9048-900-0044 GMRESC R3;Salón Artemis ;Compumax Computer ;Campuslands;0;*000000*
375;327;Sin serial ;000000;966217823;Mouse-Bodg50-9048-900-0044 GMRESC R3;Salón Artemis ;Compumax Computer ;Campuslands;0;*000000*
376;327;102SN55103;000000;966217823;CPU-Bodg50-9048-900-0044 GMRESC R3;Salón Artemis ;Compumax Computer ;Campuslands;0;*000000*
377;327;COM2024CM21070515;000000;966217823;Monitor-Bodg50-9048-900-0044 GMRESC R3;Salón Artemis ;Compumax Computer ;Campuslands;0;*000000*
378;327;KBM130090724;000000;966217823;Teclado-Bodg50-9048-900-0044 GMRESC R3;Salón Artemis ;Compumax Computer ;Campuslands;0;*000000*
379;327;Sin serial ;000000;966217823;Mouse-Bodg50-9048-900-0044 GMRESC R3;Salón Artemis ;Compumax Computer ;Campuslands;0;*000000*
380;327;400SN39222;000000;966217823;CPU-Bodg50-9048-900-0044 GMRESC R3;Salón Artemis ;Compumax Computer ;Campuslands;0;*000000*
381;327;COM2024CM21070386;000000;966217823;Monitor-Bodg50-9048-900-0044 GMRESC R3;Salón Artemis ;Compumax Computer ;Campuslands;0;*000000*
382;327;KBM130091724;000000;966217823;Teclado-Bodg50-9048-900-0044 GMRESC R3;Salón Artemis ;Compumax Computer ;Campuslands;0;*000000*
383;327;Sin serial ;000000;966217823;Mouse-Bodg50-9048-900-0044 GMRESC R3;Salón Artemis ;Compumax Computer ;Campuslands;0;*000000*
384;327;102SN55090;000000;966217823;CPU-Bodg50-9048-900-0044 GMRESC R3;Salón Artemis ;Compumax Computer ;Campuslands;0;*000000*
385;327;COM2024CM21070777;000000;966217823;Monitor-Bodg50-9048-900-0044 GMRESC R3;Salón Artemis ;Compumax Computer ;Campuslands;0;*000000*
386;327;KBM130091723;000000;966217823;Teclado-Bodg50-9048-900-0044 GMRESC R3;Salón Artemis ;Compumax Computer ;Campuslands;0;*000000*
387;327;Sin serial ;000000;966217823;Mouse-Bodg50-9048-900-0044 GMRESC R3;Salón Artemis ;Compumax Computer ;Campuslands;0;*000000*
388;327;102SN55076;000000;966217823;CPU-Bodg50-9048-900-0044 GMRESC R3;Salón Artemis ;Compumax Computer ;Campuslands;0;*000000*
389;327;COM2024CM21070025;000000;966217823;Monitor-Bodg50-9048-900-0044 GMRESC R3;Salón Artemis ;Compumax Computer ;Campuslands;0;*000000*
390;327;KBM130091720;000000;966217823;Teclado-Bodg50-9048-900-0044 GMRESC R3;Salón Artemis ;Compumax Computer ;Campuslands;0;*000000*
391;327;Sin serial ;000000;966217823;Mouse-Bodg50-9048-900-0044 GMRESC R3;Salón Artemis ;Compumax Computer ;Campuslands;0;*000000*
392;327;400SN39225;000000;966217823;CPU-Bodg50-9048-900-0044 GMRESC R3;Salón Artemis ;Compumax Computer ;Campuslands;0;*000000*
393;327;COM2024CM21070137;000000;966217823;Monitor-Bodg50-9048-900-0044 GMRESC R3;Salón Artemis ;Compumax Computer ;Campuslands;0;*000000*
394;327;KBM130090747;000000;966217823;Teclado-Bodg50-9048-900-0044 GMRESC R3;Salón Artemis ;Compumax Computer ;Campuslands;0;*000000*
395;327;Sin serial ;000000;966217823;Mouse-Bodg50-9048-900-0044 GMRESC R3;Salón Artemis ;Compumax Computer ;Campuslands;0;*000000*
396;327;102SN55094;000000;966217823;CPU-Bodg50-9048-900-0044 GMRESC R3;Salón Artemis ;Compumax Computer ;Campuslands;0;*000000*
397;327;COM2024CM21070565;000000;966217823;Monitor-Bodg50-9048-900-0044 GMRESC R3;Salón Artemis ;Compumax Computer ;Campuslands;0;*000000*
398;327;KBM130091736;000000;966217823;Teclado-Bodg50-9048-900-0044 GMRESC R3;Salón Artemis ;Compumax Computer ;Campuslands;0;*000000*
399;327;Sin serial ;000000;966217823;Mouse-Bodg50-9048-900-0044 GMRESC R3;Salón Artemis ;Compumax Computer ;Campuslands;0;*000000*
400;327;400SN39228;000000;966217823;CPU-Bodg50-9048-900-0044 GMRESC R3;Salón Artemis ;Compumax Computer ;Campuslands;0;*000000*
401;327;COM2024CM21070574;000000;966217823;Monitor-Bodg50-9048-900-0044 GMRESC R3;Salón Artemis ;Compumax Computer ;Campuslands;0;*000000*
402;327;KBM130090721;000000;966217823;Teclado-Bodg50-9048-900-0044 GMRESC R3;Salón Artemis ;Compumax Computer ;Campuslands;0;*000000*
403;327;Sin serial ;000000;966217823;Mouse-Bodg50-9048-900-0044 GMRESC R3;Salón Artemis ;Compumax Computer ;Campuslands;0;*000000*
404;327;400SN39205;000000;966217823;CPU-Bodg50-9048-900-0044 GMRESC R3;Salón Artemis ;Compumax Computer ;Campuslands;0;*000000*
405;327;COM2024CM21070092;000000;966217823;Monitor-Bodg50-9048-900-0044 GMRESC R3;Salón Artemis ;Compumax Computer ;Campuslands;0;*000000*
406;327;KBM130090720;000000;966217823;Teclado-Bodg50-9048-900-0044 GMRESC R3;Salón Artemis ;Compumax Computer ;Campuslands;0;*000000*
407;327;Sin serial ;000000;966217823;Mouse-Bodg50-9048-900-0044 GMRESC R3;Salón Artemis ;Compumax Computer ;Campuslands;0;*000000*
408;327;102SN55087;000000;966217823;CPU-Bodg50-9048-900-0044 GMRESC R3;Salón Artemis ;Compumax Computer ;Campuslands;0;*000000*
409;327;COM2024CM21070318;000000;966217823;Monitor-Bodg50-9048-900-0044 GMRESC R3;Salón Artemis ;Compumax Computer ;Campuslands;0;*000000*
410;327;KBM130091722;000000;966217823;Teclado-Bodg50-9048-900-0044 GMRESC R3;Salón Artemis ;Compumax Computer ;Campuslands;0;*000000*
411;327;Sin serial ;000000;966217823;Mouse-Bodg50-9048-900-0044 GMRESC R3;Salón Artemis ;Compumax Computer ;Campuslands;0;*000000*
412;327;400SN39177;000000;966217823;CPU-Bodg50-9048-900-0044 GMRESC R3;Salón Artemis ;Compumax Computer ;Campuslands;0;*000000*
413;327;COM2024CM21070834;000000;966217823;Monitor-Bodg50-9048-900-0044 GMRESC R3;Salón Artemis ;Compumax Computer ;Campuslands;0;*000000*
414;327;KBM130091721;000000;966217823;Teclado-Bodg50-9048-900-0044 GMRESC R3;Salón Artemis ;Compumax Computer ;Campuslands;0;*000000*
415;327;Sin serial ;000000;966217823;Mouse-Bodg50-9048-900-0044 GMRESC R3;Salón Artemis ;Compumax Computer ;Campuslands;0;*000000*
416;327;102SN55102;000000;966217823;CPU-Bodg50-9048-900-0044 GMRESC R3;Salón Artemis ;Compumax Computer ;Campuslands;0;*000000*
417;327;COM2024CM21070199;000000;966217823;Monitor-Bodg50-9048-900-0044 GMRESC R3;Salón Artemis ;Compumax Computer ;Campuslands;0;*000000*
418;327;KBM130090736;000000;966217823;Teclado-Bodg50-9048-900-0044 GMRESC R3;Salón Artemis ;Compumax Computer ;Campuslands;0;*000000*
419;327;Sin serial ;000000;966217823;Mouse-Bodg50-9048-900-0044 GMRESC R3;Salón Artemis ;Compumax Computer ;Campuslands;0;*000000*
420;327;400SN39234;000000;966217823;CPU-Bodg50-9048-900-0044 GMRESC R3;Salón Artemis ;Compumax Computer ;Campuslands;0;*000000*
421;327;COM2024CM21070503;000000;966217823;Monitor-Bodg50-9048-900-0044 GMRESC R3;Salón Artemis ;Compumax Computer ;Campuslands;0;*000000*
422;327;KBM130091738;000000;966217823;Teclado-Bodg50-9048-900-0044 GMRESC R3;Salón Artemis ;Compumax Computer ;Campuslands;0;*000000*
423;327;Sin serial ;000000;966217823;Mouse-Bodg50-9048-900-0044 GMRESC R3;Salón Artemis ;Compumax Computer ;Campuslands;0;*000000*
424;327;400SN39174;000000;966217823;CPU-Bodg50-9048-900-0044 GMRESC R3;Salón Artemis ;Compumax Computer ;Campuslands;0;*000000*
425;327;COM2024CM21070236;000000;966217823;Monitor-Bodg50-9048-900-0044 GMRESC R3;Salón Artemis ;Compumax Computer ;Campuslands;0;*000000*
426;327;KBM130090702;000000;966217823;Teclado-Bodg50-9048-900-0044 GMRESC R3;Salón Artemis ;Compumax Computer ;Campuslands;0;*000000*
427;327;Sin serial ;000000;966217823;Mouse-Bodg50-9048-900-0044 GMRESC R3;Salón Artemis ;Compumax Computer ;Campuslands;0;*000000*
428;327;102SN55095;000000;966217823;CPU-Bodg50-9048-900-0044 GMRESC R3;Salón Artemis ;Compumax Computer ;Campuslands;0;*000000*
429;327;COM2024CM21070097;000000;966217823;Monitor-Bodg50-9048-900-0044 GMRESC R3;Salón Artemis ;Compumax Computer ;Campuslands;0;*000000*
430;327;KBM130091745;000000;966217823;Teclado-Bodg50-9048-900-0044 GMRESC R3;Salón Artemis ;Compumax Computer ;Campuslands;0;*000000*
431;327;Sin serial ;000000;966217823;Mouse-Bodg50-9048-900-0044 GMRESC R3;Salón Artemis ;Compumax Computer ;Campuslands;0;*000000*
432;327;102SN55086;000000;966217823;CPU-Bodg50-9048-900-0044 GMRESC R3;Salón Artemis ;Compumax Computer ;Campuslands;0;*000000*
433;327;COM2024CM21070239;000000;966217823;Monitor-Bodg50-9048-900-0044 GMRESC R3;Salón Artemis ;Compumax Computer ;Campuslands;0;*000000*
434;327;KBM130090746;000000;966217823;Teclado-Bodg50-9048-900-0044 GMRESC R3;Salón Artemis ;Compumax Computer ;Campuslands;0;*000000*
435;327;Sin serial ;000000;966217823;Mouse-Bodg50-9048-900-0044 GMRESC R3;Salón Artemis ;Compumax Computer ;Campuslands;0;*000000*
436;327;400SN39172;000000;966217823;CPU-Bodg50-9048-900-0044 GMRESC R3;Salón Artemis ;Compumax Computer ;Campuslands;0;*000000*
437;327;COM2024CM21070442;000000;966217823;Monitor-Bodg50-9048-900-0044 GMRESC R3;Salón Artemis ;Compumax Computer ;Campuslands;0;*000000*
438;327;KBM130091746;000000;966217823;Teclado-Bodg50-9048-900-0044 GMRESC R3;Salón Artemis ;Compumax Computer ;Campuslands;0;*000000*
439;327;Sin serial ;000000;966217823;Mouse-Bodg50-9048-900-0044 GMRESC R3;Salón Artemis ;Compumax Computer ;Campuslands;0;*000000*
440;327;102SN55083;000000;966217823;CPU-Bodg50-9048-900-0044 GMRESC R3;Salón Artemis ;Compumax Computer ;Campuslands;0;*000000*
441;327;COM2024CM21070223;000000;966217823;Monitor-Bodg50-9048-900-0044 GMRESC R3;Salón Artemis ;Compumax Computer ;Campuslands;0;*000000*
442;327;KBM130091747;000000;966217823;Teclado-Bodg50-9048-900-0044 GMRESC R3;Salón Artemis ;Compumax Computer ;Campuslands;0;*000000*
443;327;Sin serial ;000000;966217823;Mouse-Bodg50-9048-900-0044 GMRESC R3;Salón Artemis ;Compumax Computer ;Campuslands;0;*000000*
444;327;400SN39215;000000;966217823;CPU-Bodg50-9048-900-0044 GMRESC R3;Salón Artemis ;Compumax Computer ;Campuslands;0;*000000*
445;327;COM2024CM21070482;000000;966217823;Monitor-Bodg50-9048-900-0044 GMRESC R3;Salón Artemis ;Compumax Computer ;Campuslands;0;*000000*
446;327;KBM130091744;000000;966217823;Teclado-Bodg50-9048-900-0044 GMRESC R3;Salón Artemis ;Compumax Computer ;Campuslands;0;*000000*
447;327;Sin serial ;000000;966217823;Mouse-Bodg50-9048-900-0044 GMRESC R3;Salón Artemis ;Compumax Computer ;Campuslands;0;*000000*
448;327;400SN39227;000000;966217823;CPU-Bodg50-9048-900-0044 GMRESC R3;Salón Artemis ;Compumax Computer ;Campuslands;0;*000000*
449;327;COM2024CM21070844;000000;966217823;Monitor-Bodg50-9048-900-0044 GMRESC R3;Salón Artemis ;Compumax Computer ;Campuslands;0;*000000*
450;327;KBM130090744;000000;966217823;Teclado-Bodg50-9048-900-0044 GMRESC R3;Salón Artemis ;Compumax Computer ;Campuslands;0;*000000*
451;327;Sin serial ;000000;966217823;Mouse-Bodg50-9048-900-0044 GMRESC R3;Salón Artemis ;Compumax Computer ;Campuslands;0;*000000*
452;327;400SN39169;000000;966217823;CPU-Bodg50-9048-900-0044 GMRESC R3;Salón Artemis ;Compumax Computer ;Campuslands;0;*000000*
453;327;COM2024CM21070418;000000;966217823;Monitor-Bodg50-9048-900-0044 GMRESC R3;Salón Artemis ;Compumax Computer ;Campuslands;0;*000000*
454;327;KBM130090752;000000;966217823;Teclado-Bodg50-9048-900-0044 GMRESC R3;Salón Artemis ;Compumax Computer ;Campuslands;0;*000000*
455;327;Sin serial ;000000;966217823;Mouse-Bodg50-9048-900-0044 GMRESC R3;Salón Artemis ;Compumax Computer ;Campuslands;0;*000000*
456;327;500SN32576;000000;966217823;CPU - Bodg50 - 4051 -900 - 0005R5;Salón Skylab;Compumax Computer ;Campuslands;0;*000000*
457;327;COM2024CM21070597;000000;966217823;Monitor - Bodg50 - 4051 -900 - 0005R5;Salón Skylab;Compumax Computer ;Campuslands;0;*000000*
458;327;CK440U-10923;000000;966217823;Teclado - Bodg50 - 4051 -900 - 0005R5;Salón Skylab;Compumax Computer ;Campuslands;0;*000000*
459;327;Sin serial ;000000;966217823;Mouse - Bodg50 - 4051 -900 - 0005R5;Salón Skylab;Compumax Computer ;Campuslands;0;*000000*
460;327;500SN32598;000000;966217823;CPU - Bodg50 - 4051 -900 - 0005R5;Salón Skylab;Compumax Computer ;Campuslands;0;*000000*
461;327;COM2024CM21070864;000000;966217823;Monitor - Bodg50 - 4051 -900 - 0005R5;Salón Skylab;Compumax Computer ;Campuslands;0;*000000*
462;327;CK440U-10924;000000;966217823;Teclado - Bodg50 - 4051 -900 - 0005R5;Salón Skylab;Compumax Computer ;Campuslands;0;*000000*
463;327;Sin serial ;000000;966217823;Mouse - Bodg50 - 4051 -900 - 0005R5;Salón Skylab;Compumax Computer ;Campuslands;0;*000000*
464;327;500SN32557;000000;966217823;CPU - Bodg50 - 4051 -900 - 0005R5;Salón Skylab;Compumax Computer ;Campuslands;0;*000000*
465;327;COM2024CM21070602;000000;966217823;Monitor - Bodg50 - 4051 -900 - 0005R5;Salón Skylab;Compumax Computer ;Campuslands;0;*000000*
466;327;CK440U-10925;000000;966217823;Teclado - Bodg50 - 4051 -900 - 0005R5;Salón Skylab;Compumax Computer ;Campuslands;0;*000000*
467;327;Sin serial ;000000;966217823;Mouse - Bodg50 - 4051 -900 - 0005R5;Salón Skylab;Compumax Computer ;Campuslands;0;*000000*
468;327;500SN32564;000000;966217823;CPU - Bodg50 - 4051 -900 - 0005R5;Salón Skylab;Compumax Computer ;Campuslands;0;*000000*
469;327;COM2024CM21070823;000000;966217823;Monitor - Bodg50 - 4051 -900 - 0005R5;Salón Skylab;Compumax Computer ;Campuslands;0;*000000*
470;327;CK440U-10926;000000;966217823;Teclado - Bodg50 - 4051 -900 - 0005R5;Salón Skylab;Compumax Computer ;Campuslands;0;*000000*
471;327;Sin serial ;000000;966217823;Mouse - Bodg50 - 4051 -900 - 0005R5;Salón Skylab;Compumax Computer ;Campuslands;0;*000000*
472;327;500SN32556;000000;966217823;CPU - Bodg50 - 4051 -900 - 0005R5;Salón Skylab;Compumax Computer ;Campuslands;0;*000000*
473;327;COM2024CM21070855;000000;966217823;Monitor - Bodg50 - 4051 -900 - 0005R5;Salón Skylab;Compumax Computer ;Campuslands;0;*000000*
474;327;CK440U-10927;000000;966217823;Teclado - Bodg50 - 4051 -900 - 0005R5;Salón Skylab;Compumax Computer ;Campuslands;0;*000000*
475;327;Sin serial ;000000;966217823;Mouse - Bodg50 - 4051 -900 - 0005R5;Salón Skylab;Compumax Computer ;Campuslands;0;*000000*
476;327;500SN32571;000000;966217823;CPU - Bodg50 - 4051 -900 - 0005R5;Salón Skylab;Compumax Computer ;Campuslands;0;*000000*
477;327;COM2024CM21070180;000000;966217823;Monitor - Bodg50 - 4051 -900 - 0005R5;Salón Skylab;Compumax Computer ;Campuslands;0;*000000*
478;327;CK440U-10936;000000;966217823;Teclado - Bodg50 - 4051 -900 - 0005R5;Salón Skylab;Compumax Computer ;Campuslands;0;*000000*
479;327;Sin serial ;000000;966217823;Mouse - Bodg50 - 4051 -900 - 0005R5;Salón Skylab;Compumax Computer ;Campuslands;0;*000000*
480;327;500SN32591;000000;966217823;CPU - Bodg50 - 4051 -900 - 0005R5;Salón Skylab;Compumax Computer ;Campuslands;0;*000000*
481;327;COM2024CM21070122;000000;966217823;Monitor - Bodg50 - 4051 -900 - 0005R5;Salón Skylab;Compumax Computer ;Campuslands;0;*000000*
482;327;CK440U-10937;000000;966217823;Teclado - Bodg50 - 4051 -900 - 0005R5;Salón Skylab;Compumax Computer ;Campuslands;0;*000000*
483;327;Sin serial ;000000;966217823;Mouse - Bodg50 - 4051 -900 - 0005R5;Salón Skylab;Compumax Computer ;Campuslands;0;*000000*
484;327;500SN32584;000000;966217823;CPU - Bodg50 - 4051 -900 - 0005R5;Salón Skylab;Compumax Computer ;Campuslands;0;*000000*
485;327;COM2024CM21070784;000000;966217823;Monitor - Bodg50 - 4051 -900 - 0005R5;Salón Skylab;Compumax Computer ;Campuslands;0;*000000*
486;327;CK440U-10935;000000;966217823;Teclado - Bodg50 - 4051 -900 - 0005R5;Salón Skylab;Compumax Computer ;Campuslands;0;*000000*
487;327;Sin serial ;000000;966217823;Mouse - Bodg50 - 4051 -900 - 0005R5;Salón Skylab;Compumax Computer ;Campuslands;0;*000000*
488;327;500SN32627;000000;966217823;CPU - Bodg50 - 4051 -900 - 0005R5;Salón Skylab;Compumax Computer ;Campuslands;0;*000000*
489;327;COM2024CM21070095;000000;966217823;Monitor - Bodg50 - 4051 -900 - 0005R5;Salón Skylab;Compumax Computer ;Campuslands;0;*000000*
490;327;CK440U-10974;000000;966217823;Teclado - Bodg50 - 4051 -900 - 0005R5;Salón Skylab;Compumax Computer ;Campuslands;0;*000000*
491;327;Sin serial ;000000;966217823;Mouse - Bodg50 - 4051 -900 -0005R5;Salón Skylab;Compumax Computer ;Campuslands;0;*000000*
492;327;500SN32621;000000;966217823;CPU - Bodg50 - 4051 -900 - 0005R5;Salón Skylab;Compumax Computer ;Campuslands;0;*000000*
493;327;COM2024CM21070221;000000;966217823;Monitor - Bodg50 - 4051 -900 - 0005R5;Salón Skylab;Compumax Computer ;Campuslands;0;*000000*
494;327;CK440U-10932;000000;966217823;Teclado - Bodg50 - 4051 -900 - 0005R5;Salón Skylab;Compumax Computer ;Campuslands;0;*000000*
495;327;Sin serial ;000000;966217823;Mouse - Bodg50 - 4051 -900 - 0005R5;Salón Skylab;Compumax Computer ;Campuslands;0;*000000*
496;327;500SN32588;000000;966217823;CPU - Bodg50 - 4051 -900 - 0005R5;Salón Skylab;Compumax Computer ;Campuslands;0;*000000*
497;327;COM2024CM21070836;000000;966217823;Monitor - Bodg50 - 4051 -900 - 0005R5;Salón Skylab;Compumax Computer ;Campuslands;0;*000000*
498;327;CK440U-10934;000000;966217823;Teclado - Bodg50 - 4051 -900 - 0005R5;Salón Skylab;Compumax Computer ;Campuslands;0;*000000*
499;327;Sin serial ;000000;966217823;Mouse - Bodg50 - 4051 -900 - 0005R5;Salón Skylab;Compumax Computer ;Campuslands;0;*000000*
500;327;500SN32626;000000;966217823;CPU - Bodg50 - 4051 -900 - 0005R5;Salón Skylab;Compumax Computer ;Campuslands;0;*000000*
501;327;COM2024CM21070776;000000;966217823;Monitor - Bodg50 - 4051 -900 - 0005R5;Salón Skylab;Compumax Computer ;Campuslands;0;*000000*
502;327;CK440U-10933;000000;966217823;Teclado - Bodg50 - 4051 -900 - 0005R5;Salón Skylab;Compumax Computer ;Campuslands;0;*000000*
503;327;Sin serial ;000000;966217823;Mouse - Bodg50 - 4051 -900 - 0005R5;Salón Skylab;Compumax Computer ;Campuslands;0;*000000*
504;327;500SN32596;000000;966217823;CPU - Bodg50 - 4051 -900 - 0005R5;Salón Skylab;Compumax Computer ;Campuslands;0;*000000*
505;327;COM2024CM21070605;000000;966217823;Monitor - Bodg50 - 4051 -900 - 0005R5;Salón Skylab;Compumax Computer ;Campuslands;0;*000000*
506;327;CK440U-10928;000000;966217823;Teclado - Bodg50 - 4051 -900 - 0005R5;Salón Skylab;Compumax Computer ;Campuslands;0;*000000*
507;327;Sin serial ;000000;966217823;Mouse - Bodg50 - 4051 -900 - 0005R5;Salón Skylab;Compumax Computer ;Campuslands;0;*000000*
508;327;500SN32567;000000;966217823;CPU - Bodg50 - 4051 -900 - 0005R5;Salón Skylab;Compumax Computer ;Campuslands;0;*000000*
509;327;COM2024CM21070511;000000;966217823;Monitor - Bodg50 - 4051 -900 - 0005R5;Salón Skylab;Compumax Computer ;Campuslands;0;*000000*
510;327;CK440U-11024;000000;966217823;Teclado - Bodg50 - 4051 -900 - 0005R5;Salón Skylab;Compumax Computer ;Campuslands;0;*000000*
511;327;Sin serial ;000000;966217823;Mouse - Bodg50 - 4051 -900 - 0005R5;Salón Skylab;Compumax Computer ;Campuslands;0;*000000*
512;327;500SN32585;000000;966217823;CPU - Bodg50 - 4051 -900 - 0005R5;Salón Skylab;Compumax Computer ;Campuslands;0;*000000*
513;327;COM2024CM21070408;000000;966217823;Monitor - Bodg50 - 4051 -900 - 0005R5;Salón Skylab;Compumax Computer ;Campuslands;0;*000000*
514;327;CK440U-10931;000000;966217823;Teclado - Bodg50 - 4051 -900 - 0005R5;Salón Skylab;Compumax Computer ;Campuslands;0;*000000*
515;327;Sin serial ;000000;966217823;Mouse - Bodg50 - 4051 -900 - 0005R5;Salón Skylab;Compumax Computer ;Campuslands;0;*000000*
516;327;500SN32572;000000;966217823;CPU - Bodg50 - 4051 -900 - 0005R5;Salón Skylab;Compumax Computer ;Campuslands;0;*000000*
517;327;COM2024CM21070209;000000;966217823;Monitor - Bodg50 - 4051 -900 - 0005R5;Salón Skylab;Compumax Computer ;Campuslands;0;*000000*
518;327;CK440U-11023;000000;966217823;Teclado - Bodg50 - 4051 -900 - 0005R5;Salón Skylab;Compumax Computer ;Campuslands;0;*000000*
519;327;Sin serial ;000000;966217823;Mouse - Bodg50 - 4051 -900 - 0005R5;Salón Skylab;Compumax Computer ;Campuslands;0;*000000*
520;327;500SN32599;000000;966217823;CPU - Bodg50 - 4051 -900 - 0005R5;Salón Skylab;Compumax Computer ;Campuslands;0;*000000*
521;327;COM2024CM21070285;000000;966217823;Monitor - Bodg50 - 4051 -900 - 0005R5;Salón Skylab;Compumax Computer ;Campuslands;0;*000000*
522;327;CK440U-11026;000000;966217823;Teclado - Bodg50 - 4051 -900 - 0005R5;Salón Skylab;Compumax Computer ;Campuslands;0;*000000*
523;327;Sin serial ;000000;966217823;Mouse - Bodg50 - 4051 -900 - 0005R5;Salón Skylab;Compumax Computer ;Campuslands;0;*000000*
524;327;500SN32581;000000;966217823;CPU - Bodg50 - 4051 -900 - 0005R5;Salón Skylab;Compumax Computer ;Campuslands;0;*000000*
525;327;COM2024CM21070086;000000;966217823;Monitor - Bodg50 - 4051 -900 - 0005R5;Salón Skylab;Compumax Computer ;Campuslands;0;*000000*
526;327;CK440U-11025;000000;966217823;Teclado - Bodg50 - 4051 -900 - 0005R5;Salón Skylab;Compumax Computer ;Campuslands;0;*000000*
527;327;Sin serial ;000000;966217823;Mouse - Bodg50 - 4051 -900 - 0005R5;Salón Skylab;Compumax Computer ;Campuslands;0;*000000*
528;327;500SN32619;000000;966217823;CPU - Bodg50 - 4051 -900 - 0005R5;Salón Skylab;Compumax Computer ;Campuslands;0;*000000*
529;327;COM2024CM21070669;000000;966217823;Monitor - Bodg50 - 4051 -900 - 0005R5;Salón Skylab;Compumax Computer ;Campuslands;0;*000000*
530;327;CK440U-10930;000000;966217823;Teclado - Bodg50 - 4051 -900 - 0005R5;Salón Skylab;Compumax Computer ;Campuslands;0;*000000*
531;327;Sin serial ;000000;966217823;Mouse - Bodg50 - 4051 -900 - 0005R5;Salón Skylab;Compumax Computer ;Campuslands;0;*000000*
532;327;500SN32575;000000;966217823;CPU - Bodg50 - 4051 -900 - 0005R5;Salón Skylab;Compumax Computer ;Campuslands;0;*000000*
533;327;COM2024CM21070692;000000;966217823;Monitor - Bodg50 - 4051 -900 - 0005R5;Salón Skylab;Compumax Computer ;Campuslands;0;*000000*
534;327;CK440U-10929;000000;966217823;Teclado - Bodg50 - 4051 -900 - 0005R5;Salón Skylab;Compumax Computer ;Campuslands;0;*000000*
535;327;Sin serial ;000000;966217823;Mouse - Bodg50 - 4051 -900 - 0005R5;Salón Skylab;Compumax Computer ;Campuslands;0;*000000*
536;327;500SN32595;000000;966217823;CPU - Bodg50 - 4051 -900 - 0005R5;Sala asesoria;Compumax Computer ;Campuslands;0;*000000*
537;327;COM2024CM21070057;000000;966217823;Monitor - Bodg50 - 4051 -900 - 0005R5;Sala asesoria;Compumax Computer ;Campuslands;0;*000000*
538;327;CK440U-10760;000000;966217823;Teclado - Bodg50 - 4051 -900 - 0005R5;Sala asesoria;Compumax Computer ;Campuslands;0;*000000*
539;327;Sin serial ;000000;966217823;Mouse - Bodg50 - 4051 -900 - 0005R5;Sala asesoria;Compumax Computer ;Campuslands;0;*000000*
540;327;500SN32604;000000;966217823;CPU - Bodg50 - 4051 -900 - 0005R5;Sala asesoria;Compumax Computer ;Campuslands;0;*000000*
541;327;COM2024CM21070575;000000;966217823;Monitor - Bodg50 - 4051 -900 - 0005R5;Sala asesoria;Compumax Computer ;Campuslands;0;*000000*
542;327;CK440U-10656;000000;966217823;Teclado - Bodg50 - 4051 -900 - 0005R5;Sala asesoria;Compumax Computer ;Campuslands;0;*000000*
;;;;;;;;;;
;;;;;;;;;;
;;;;;;;;;;
;;;;;;;;;;
;;;;;;;;;;
;;;;;;;;;;
;;;;;;;;;;
;;;;;;;;;;
;;;;;;;;;;
;;;;;;;;;;
;;;;;;;;;;
;;;;;;;;;;
;;;;;;;;;;
;;;;;;;;;;
;;;;;;;;;;
;;;;;;;;;;
;;;;;;;;;;
;;;;;;;;;;
;;;;;;;;;;
;;;;;;;;;;
;;;;;;;;;;
;;;;;;;;;;
;;;;;;;;;;
;;;;;;;;;;
;;;;;;;;;;
;;;;;;;;;;
;;;;;;;;;;
;;;;;;;;;;
;;;;;;;;;;
;;;;;;;;;;
;;;;;;;;;;
;;;;;;;;;;
;;;;;;;;;;
;;;;;;;;;;
;;;;;;;;;;
;;;;;;;;;;
;;;;;;;;;;
;;;;;;;;;;
;;;;;;;;;;
;;;;;;;;;;
;;;;;;;;;;
;;;;;;;;;;
;;;;;;;;;;
;;;;;;;;;;
;;;;;;;;;;
;;;;;;;;;;
;;;;;;;;;;
;;;;;;;;;;
;;;;;;;;;;
;;;;;;;;;;
;;;;;;;;;;
;;;;;;;;;;
;;;;;;;;;;
;;;;;;;;;;
;;;;;;;;;;
;;;;;;;;;;
;;;;;;;;;;
;;;;;;;;;;
;;;;;;;;;;
;;;;;;;;;;
;;;;;;;;;;
;;;;;;;;;;
;;;;;;;;;;
;;;;;;;;;;
;;;;;;;;;;
;;;;;;;;;;
;;;;;;;;;;
;;;;;;;;;;
;;;;;;;;;;
;;;;;;;;;;
;;;;;;;;;;
;;;;;;;;;;
;;;;;;;;;;
;;;;;;;;;;
;;;;;;;;;;
;;;;;;;;;;
;;;;;;;;;;
;;;;;;;;;;
;;;;;;;;;;
;;;;;;;;;;
;;;;;;;;;;
;;;;;;;;;;
;;;;;;;;;;
;;;;;;;;;;
;;;;;;;;;;
;;;;;;;;;;
;;;;;;;;;;
;;;;;;;;;;
;;;;;;;;;;
;;;;;;;;;;
;;;;;;;;;;
;;;;;;;;;;
;;;;;;;;;;
;;;;;;;;;;
;;;;;;;;;;
;;;;;;;;;;
;;;;;;;;;;
;;;;;;;;;;
;;;;;;;;;;
;;;;;;;;;;
;;;;;;;;;;
;;;;;;;;;;
;;;;;;;;;;
;;;;;;;;;;